subscription,name,start_read_date,end_read_date,estimated_volume,volume,grass_area
670666,TEOMAN EREL PARKI,2017-08-01,2017-08-26,398,545.0,2765
1446436,RAUF DENKTAŞ PARKI,2017-05-25,2017-06-23,513,359.0,5562
1071503,İSMET İNÖNÜ PARKI,2019-11-05,2020-06-03,1956,14847.0,9088
1445850,TEOMAN ÖZTÜRK PARKI,2018-06-25,2018-07-24,1439,1384.0,8000
1445850,TEOMAN ÖZTÜRK PARKI,2020-04-01,2020-04-29,624,1.0,8000
1071503,İSMET İNÖNÜ PARKI,2019-07-30,2019-09-05,1996,3790.0,9088
1447076,HAMZA AKSOY PARKI,2017-10-27,2018-04-20,151,22.0,1916
1074372,NEJAT UYGUR PARKI,2016-07-30,2016-08-27,238,747.0,1470
332018,AFET İNAN PARKI,2018-10-31,2019-05-24,84,16.0,534
1445850,TEOMAN ÖZTÜRK PARKI,2017-03-28,2017-04-26,520,162.0,8000
1447067,NEŞET ERTAŞ PARKI,2018-06-26,2018-07-28,631,662.0,3160
2246419,ŞÜKRAN GÜNGÖR,2023-07-06,2023-08-03,197,327.0,1058
1446959,GÜLTEN ÇAPAR PARKI,2021-09-03,2021-09-30,26,10.0,267
671617,ATA PARK,2022-08-04,2022-09-02,1055,1528.0,6052
1446436,RAUF DENKTAŞ PARKI,2022-08-01,2022-09-02,1057,1635.0,5562
1073156,İSMET İNÖNÜ PARKI,2015-03-02,2016-05-30,8687,184.0,9088
670666,TEOMAN EREL PARKI,2021-11-30,2022-05-06,312,42.0,2765
1074372,NEJAT UYGUR PARKI,2021-09-01,2021-09-29,152,351.0,1470
611617,YUNUS EMRE PARKI,2021-11-01,2022-05-05,541,78.0,4847
2246271,BERFO ANA PARKI,2020-10-05,2021-06-03,3795,1095.0,11200
1445606,NASUH AKAR PARKI,2018-05-24,2018-06-27,114,35.0,803
1074424,EFE ECE DALMANOĞLU PARKI,2020-07-02,2020-09-04,11,66.0,25
1445606,NASUH AKAR PARKI,2018-06-27,2018-07-25,142,68.0,803
1071286,NECATİ YURTTAKALAN PARKI,2019-08-01,2019-09-05,211,1.0,1011
1446837,KAĞAN GÜRŞEN PARKI,2023-06-01,2023-08-02,361,46.0,1125
556459,İLHAN ERDOST PARKI,2017-07-27,2017-08-24,460,569.0,2676
1446837,KAĞAN GÜRŞEN PARKI,2016-10-04,2017-09-28,1082,28.0,1125
1445850,TEOMAN ÖZTÜRK PARKI,2016-04-27,2016-05-27,652,174.0,8000
332018,AFET İNAN PARKI,2020-08-05,2020-09-09,138,167.0,534
1070089,ATAPARK,2019-09-06,2019-10-07,1205,108.0,8271
2246271,BERFO ANA PARKI,2016-06-25,2016-07-30,2225,3325.0,11200
2246025,KEMAL SUNAL PARKI,2023-01-28,2023-05-01,93,104.0,1600
1445850,TEOMAN ÖZTÜRK PARKI,2016-07-30,2016-08-31,1392,1055.0,8000
1070089,ATAPARK,2018-05-24,2018-06-27,1182,53.0,8271
2246025,KEMAL SUNAL PARKI,2020-12-02,2021-08-02,814,629.0,1600
1070089,ATAPARK,2020-08-06,2020-09-08,2034,422.0,8271
671617,ATA PARK,2021-08-04,2021-09-02,1050,859.0,6052
670666,TEOMAN EREL PARKI,2019-11-06,2020-06-03,595,165.0,2765
2246325,SÜLEYMAN TÜRKOĞLU PARKI,2023-08-02,2023-09-04,529,531.0,1919
332018,AFET İNAN PARKI,2021-06-30,2021-08-05,119,87.0,534
670666,TEOMAN EREL PARKI,2021-09-01,2021-09-30,293,72.0,2765
1074372,NEJAT UYGUR PARKI,2018-06-22,2018-07-27,308,784.0,1470
1445850,TEOMAN ÖZTÜRK PARKI,2021-06-29,2021-08-05,1830,256.0,8000
2246325,SÜLEYMAN TÜRKOĞLU PARKI,2018-08-29,2018-09-29,284,252.0,1919
556459,İLHAN ERDOST PARKI,2017-04-25,2017-05-29,350,268.0,2676
671617,ATA PARK,2022-09-02,2022-10-03,942,201.0,6052
670666,TEOMAN EREL PARKI,2023-05-05,2023-07-06,590,48.0,2765
1446837,KAĞAN GÜRŞEN PARKI,2015-09-02,2016-05-31,441,774.0,1125
1446959,GÜLTEN ÇAPAR PARKI,2022-06-06,2022-08-04,69,16.0,267
2246271,BERFO ANA PARKI,2022-12-05,2023-05-04,775,344.0,11200
1074372,NEJAT UYGUR PARKI,2021-08-03,2021-09-01,262,601.0,1470
1070089,ATAPARK,2023-07-05,2023-08-05,1741,451.0,8271
1446837,KAĞAN GÜRŞEN PARKI,2020-07-02,2020-08-04,239,23.0,1125
2246325,SÜLEYMAN TÜRKOĞLU PARKI,2017-10-27,2018-05-22,395,114.0,1919
2246419,ŞÜKRAN GÜNGÖR,2017-05-29,2017-08-25,510,266.0,1058
1446966,SEMA YAZAR PARKI,2017-08-25,2017-09-29,660,396.0,2850
2246419,ŞÜKRAN GÜNGÖR,2019-08-02,2019-09-05,214,264.0,1058
1074424,EFE ECE DALMANOĞLU PARKI,2018-06-23,2018-08-29,10,1.0,25
1446966,SEMA YAZAR PARKI,2019-10-07,2020-06-03,796,447.0,2850
671617,ATA PARK,2016-10-04,2017-05-27,1543,239.0,6052
670666,TEOMAN EREL PARKI,2015-09-01,2016-08-04,2044,278.0,2765
1446959,GÜLTEN ÇAPAR PARKI,2017-10-27,2018-04-24,24,1.0,267
2246419,ŞÜKRAN GÜNGÖR,2016-06-27,2016-07-30,199,328.0,1058
1074424,EFE ECE DALMANOĞLU PARKI,2017-06-23,2017-07-27,6,21.0,25
1073156,İSMET İNÖNÜ PARKI,2021-09-06,2021-10-04,871,28.0,9088
1446959,GÜLTEN ÇAPAR PARKI,2017-04-26,2017-05-29,34,24.0,267
1074372,NEJAT UYGUR PARKI,2022-08-05,2022-09-06,274,457.0,1470
1073156,İSMET İNÖNÜ PARKI,2018-10-03,2019-07-01,3447,32.0,9088
556459,İLHAN ERDOST PARKI,2015-09-01,2015-10-02,438,467.0,2676
1071286,NECATİ YURTTAKALAN PARKI,2022-09-01,2023-08-03,678,180.0,1011
1446573,AYTEN BAYKAL PARKI,2019-07-02,2019-08-01,393,94.0,2236
1445850,TEOMAN ÖZTÜRK PARKI,2017-08-26,2017-09-29,1813,772.0,8000
1074372,NEJAT UYGUR PARKI,2017-11-23,2018-05-21,289,290.0,1470
1446966,SEMA YAZAR PARKI,2017-04-26,2017-05-26,345,3.0,2850
332018,AFET İNAN PARKI,2017-07-27,2017-08-25,94,120.0,534
611617,YUNUS EMRE PARKI,2018-05-25,2018-06-27,670,566.0,4847
1447076,HAMZA AKSOY PARKI,2019-07-30,2019-09-06,432,135.0,1916
1447076,HAMZA AKSOY PARKI,2020-08-06,2020-09-07,458,598.0,1916
2246271,BERFO ANA PARKI,2015-11-28,2016-04-27,962,716.0,11200
2246419,ŞÜKRAN GÜNGÖR,2023-09-05,2023-10-09,170,309.0,1058
1446573,AYTEN BAYKAL PARKI,2017-06-28,2017-07-29,508,38.0,2236
1446837,KAĞAN GÜRŞEN PARKI,2020-12-02,2021-05-28,238,71.0,1125
1447100,SEHERGÜL ATEŞ,2016-04-30,2016-05-31,34,245.0,400
611617,YUNUS EMRE PARKI,2019-07-01,2019-08-01,872,570.0,4847
1445850,TEOMAN ÖZTÜRK PARKI,2019-04-25,2019-05-24,856,38.0,8000
1446573,AYTEN BAYKAL PARKI,2018-10-31,2019-07-02,722,5.0,2236
1446573,AYTEN BAYKAL PARKI,2019-11-04,2020-06-03,481,14.0,2236
2246025,KEMAL SUNAL PARKI,2022-08-01,2022-09-05,328,634.0,1600
2246271,BERFO ANA PARKI,2017-03-25,2017-04-25,686,62.0,11200
1074424,EFE ECE DALMANOĞLU PARKI,2017-08-28,2017-09-30,5,11.0,25
2246271,BERFO ANA PARKI,2023-08-04,2023-09-05,2971,1863.0,11200
670666,TEOMAN EREL PARKI,2022-06-02,2022-06-29,272,19.0,2765
1447067,NEŞET ERTAŞ PARKI,2015-08-05,2016-05-30,1667,446.0,3160
332018,AFET İNAN PARKI,2018-07-26,2018-09-03,140,215.0,534
1446436,RAUF DENKTAŞ PARKI,2015-08-04,2015-10-01,1666,1731.0,5562
1073156,İSMET İNÖNÜ PARKI,2016-06-27,2016-08-01,1833,3014.0,9088
1446837,KAĞAN GÜRŞEN PARKI,2020-06-02,2020-07-02,158,2.0,1125
1070089,ATAPARK,2018-04-21,2018-05-24,1119,114.0,8271
1445606,NASUH AKAR PARKI,2016-09-01,2016-10-05,119,35.0,803
2246271,BERFO ANA PARKI,2017-05-29,2017-06-22,850,925.0,11200
2246025,KEMAL SUNAL PARKI,2018-05-21,2018-06-22,211,248.0,1600
2246271,BERFO ANA PARKI,2019-06-26,2019-07-29,2125,2288.0,11200
2246025,KEMAL SUNAL PARKI,2015-12-28,2016-05-02,163,315.0,1600
1446959,GÜLTEN ÇAPAR PARKI,2022-08-04,2022-09-06,51,13.0,267
611617,YUNUS EMRE PARKI,2017-05-29,2017-06-28,514,772.0,4847
1447067,NEŞET ERTAŞ PARKI,2015-03-05,2015-05-02,227,80.0,3160
2246025,KEMAL SUNAL PARKI,2017-05-25,2017-06-22,141,299.0,1600
2246025,KEMAL SUNAL PARKI,2022-06-28,2022-08-01,271,529.0,1600
2246419,ŞÜKRAN GÜNGÖR,2022-06-29,2022-08-02,182,223.0,1058
2246419,ŞÜKRAN GÜNGÖR,2015-03-03,2015-06-03,195,214.0,1058
1445850,TEOMAN ÖZTÜRK PARKI,2018-09-05,2018-09-29,797,681.0,8000
1071503,İSMET İNÖNÜ PARKI,2018-09-04,2018-10-03,1089,1913.0,9088
556459,İLHAN ERDOST PARKI,2018-06-22,2018-07-24,507,589.0,2676
556459,İLHAN ERDOST PARKI,2015-11-30,2016-04-29,248,200.0,2676
1446837,KAĞAN GÜRŞEN PARKI,2021-08-02,2021-08-31,202,12.0,1125
611617,YUNUS EMRE PARKI,2022-06-01,2022-06-28,488,513.0,4847
671617,ATA PARK,2022-12-02,2023-05-04,418,7.0,6052
611617,YUNUS EMRE PARKI,2017-07-28,2017-08-28,857,1268.0,4847
2246271,BERFO ANA PARKI,2015-06-01,2015-07-01,971,1019.0,11200
556459,İLHAN ERDOST PARKI,2021-11-02,2022-09-05,1844,65.0,2676
1071286,NECATİ YURTTAKALAN PARKI,2017-04-26,2017-05-24,114,17.0,1011
2246025,KEMAL SUNAL PARKI,2016-06-25,2016-07-30,317,937.0,1600
1446436,RAUF DENKTAŞ PARKI,2018-11-26,2019-05-22,822,512.0,5562
2246025,KEMAL SUNAL PARKI,2015-08-04,2015-08-29,203,608.0,1600
1073156,İSMET İNÖNÜ PARKI,2016-08-29,2016-10-03,1347,240.0,9088
2246325,SÜLEYMAN TÜRKOĞLU PARKI,2018-09-29,2019-07-29,1059,680.0,1919
1446966,SEMA YAZAR PARKI,2016-11-04,2017-04-26,185,2959.0,2850
1446837,KAĞAN GÜRŞEN PARKI,2015-06-30,2015-09-02,360,266.0,1125
1446573,AYTEN BAYKAL PARKI,2015-09-02,2015-10-05,368,82.0,2236
1074372,NEJAT UYGUR PARKI,2015-09-03,2015-10-05,231,463.0,1470
2246271,BERFO ANA PARKI,2019-05-22,2019-06-26,1616,571.0,11200
2246025,KEMAL SUNAL PARKI,2020-08-04,2020-09-02,350,613.0,1600
2246025,KEMAL SUNAL PARKI,2018-10-30,2019-05-22,247,197.0,1600
1447076,HAMZA AKSOY PARKI,2021-06-02,2021-06-29,165,14.0,1916
332018,AFET İNAN PARKI,2020-09-09,2020-10-07,82,38.0,534
611617,YUNUS EMRE PARKI,2015-05-04,2015-07-03,947,605.0,4847
1074424,EFE ECE DALMANOĞLU PARKI,2019-10-03,2020-06-01,7,64.0,25
1446837,KAĞAN GÜRŞEN PARKI,2015-03-03,2015-06-30,292,64.0,1125
1445606,NASUH AKAR PARKI,2020-09-04,2020-10-05,130,36.0,803
671617,ATA PARK,2018-06-27,2018-07-26,1119,189.0,6052
1071286,NECATİ YURTTAKALAN PARKI,2016-08-03,2016-09-02,152,132.0,1011
1446966,SEMA YAZAR PARKI,2021-08-04,2021-09-02,494,755.0,2850
1446436,RAUF DENKTAŞ PARKI,2016-11-03,2017-05-25,1000,27.0,5562
1071503,İSMET İNÖNÜ PARKI,2017-07-27,2017-08-24,1564,2331.0,9088
670666,TEOMAN EREL PARKI,2021-05-31,2021-06-28,243,23.0,2765
2246325,SÜLEYMAN TÜRKOĞLU PARKI,2022-11-30,2023-06-01,262,23.0,1919
671617,ATA PARK,2023-09-04,2023-10-09,983,1086.0,6052
1446436,RAUF DENKTAŞ PARKI,2018-05-22,2018-06-23,738,142.0,5562
1071286,NECATİ YURTTAKALAN PARKI,2017-07-27,2017-08-24,173,132.0,1011
2246025,KEMAL SUNAL PARKI,2016-07-30,2016-08-27,259,803.0,1600
556459,İLHAN ERDOST PARKI,2019-06-26,2019-07-29,507,393.0,2676
1447076,HAMZA AKSOY PARKI,2017-04-26,2017-05-29,245,11.0,1916
2246271,BERFO ANA PARKI,2021-06-03,2021-07-01,1094,902.0,11200
611617,YUNUS EMRE PARKI,2015-07-03,2015-08-05,805,1014.0,4847
2246025,KEMAL SUNAL PARKI,2019-05-22,2019-06-27,242,250.0,1600
1446436,RAUF DENKTAŞ PARKI,2016-04-27,2016-05-27,453,142.0,5562
1445850,TEOMAN ÖZTÜRK PARKI,2021-06-01,2021-06-29,708,33.0,8000
2246025,KEMAL SUNAL PARKI,2023-05-01,2023-06-01,130,59.0,1600
2246271,BERFO ANA PARKI,2016-08-31,2016-10-01,1468,1220.0,11200
670666,TEOMAN EREL PARKI,2016-08-04,2016-09-03,405,550.0,2765
1074424,EFE ECE DALMANOĞLU PARKI,2019-06-28,2019-07-30,4,43.0,25
1074424,EFE ECE DALMANOĞLU PARKI,2016-08-29,2016-10-01,3,6.0,25
2246271,BERFO ANA PARKI,2021-08-04,2021-09-02,1943,1804.0,11200
1071503,İSMET İNÖNÜ PARKI,2016-08-01,2016-08-29,1406,72.0,9088
2246419,ŞÜKRAN GÜNGÖR,2016-10-04,2017-05-29,274,680.0,1058
670666,TEOMAN EREL PARKI,2017-11-28,2018-07-27,1473,132.0,2765
332018,AFET İNAN PARKI,2018-06-27,2018-07-26,98,62.0,534
2246419,ŞÜKRAN GÜNGÖR,2020-06-02,2020-07-03,155,105.0,1058
1446837,KAĞAN GÜRŞEN PARKI,2023-08-02,2023-09-02,306,13.0,1125
1074372,NEJAT UYGUR PARKI,2019-11-02,2020-06-01,308,51.0,1470
1071503,İSMET İNÖNÜ PARKI,2019-09-05,2019-10-07,1387,2522.0,9088
1446573,AYTEN BAYKAL PARKI,2020-07-03,2020-08-04,461,75.0,2236
671617,ATA PARK,2020-08-05,2020-09-04,1413,1667.0,6052
1446573,AYTEN BAYKAL PARKI,2022-05-09,2022-06-06,298,19.0,2236
1071286,NECATİ YURTTAKALAN PARKI,2023-08-03,2023-09-01,262,118.0,1011
1074372,NEJAT UYGUR PARKI,2020-06-01,2020-07-04,232,277.0,1470
1446959,GÜLTEN ÇAPAR PARKI,2015-09-01,2016-06-01,107,8.0,267
1446436,RAUF DENKTAŞ PARKI,2018-01-19,2018-04-19,389,171.0,5562
556459,İLHAN ERDOST PARKI,2020-08-05,2020-09-04,624,239.0,2676
2246419,ŞÜKRAN GÜNGÖR,2020-07-03,2020-08-04,218,209.0,1058
1070089,ATAPARK,2020-07-04,2020-08-06,1791,363.0,8271
671617,ATA PARK,2017-05-27,2017-06-30,749,435.0,6052
1446837,KAĞAN GÜRŞEN PARKI,2018-06-25,2018-07-24,202,22.0,1125
1447076,HAMZA AKSOY PARKI,2021-11-01,2022-08-04,970,1136.0,1916
1074372,NEJAT UYGUR PARKI,2018-07-27,2018-08-31,343,505.0,1470
1070089,ATAPARK,2021-06-28,2021-08-04,1862,2855.0,8271
1071286,NECATİ YURTTAKALAN PARKI,2016-06-29,2016-08-03,212,194.0,1011
1074372,NEJAT UYGUR PARKI,2018-08-31,2018-09-28,190,249.0,1470
1445606,NASUH AKAR PARKI,2017-07-27,2017-08-25,142,66.0,803
332018,AFET İNAN PARKI,2022-06-03,2022-07-01,52,121.0,534
611617,YUNUS EMRE PARKI,2015-08-05,2016-05-31,2583,2618.0,4847
2246419,ŞÜKRAN GÜNGÖR,2016-04-28,2016-05-30,93,10.0,1058
1074372,NEJAT UYGUR PARKI,2019-06-27,2019-08-01,294,549.0,1470
611617,YUNUS EMRE PARKI,2017-08-28,2017-10-02,1087,1175.0,4847
1071503,İSMET İNÖNÜ PARKI,2017-10-26,2018-06-25,3132,925.0,9088
1447067,NEŞET ERTAŞ PARKI,2019-05-25,2019-08-01,1058,621.0,3160
1445850,TEOMAN ÖZTÜRK PARKI,2020-09-04,2020-10-02,1162,350.0,8000
1445606,NASUH AKAR PARKI,2020-11-05,2021-06-30,253,24.0,803
556459,İLHAN ERDOST PARKI,2020-06-01,2020-07-03,400,150.0,2676
1073156,İSMET İNÖNÜ PARKI,2021-06-29,2021-08-05,2079,399.0,9088
611617,YUNUS EMRE PARKI,2018-06-27,2018-07-27,926,1469.0,4847
1074372,NEJAT UYGUR PARKI,2017-07-27,2017-08-25,260,530.0,1470
1445850,TEOMAN ÖZTÜRK PARKI,2016-08-31,2016-10-03,1131,285.0,8000
1446966,SEMA YAZAR PARKI,2018-06-27,2018-07-27,544,483.0,2850
332018,AFET İNAN PARKI,2023-09-05,2023-10-07,81,21.0,534
1074424,EFE ECE DALMANOĞLU PARKI,2019-05-23,2019-06-28,3,24.0,25
1071503,İSMET İNÖNÜ PARKI,2017-05-29,2017-06-22,689,740.0,9088
2246325,SÜLEYMAN TÜRKOĞLU PARKI,2018-06-27,2018-07-23,308,419.0,1919
1446436,RAUF DENKTAŞ PARKI,2021-08-03,2021-09-01,993,1788.0,5562
611617,YUNUS EMRE PARKI,2015-04-01,2015-05-04,370,284.0,4847
1446837,KAĞAN GÜRŞEN PARKI,2016-05-31,2016-06-29,152,67.0,1125
1074372,NEJAT UYGUR PARKI,2019-08-01,2019-09-04,296,534.0,1470
1446573,AYTEN BAYKAL PARKI,2016-05-30,2016-06-29,311,32.0,2236
1446959,GÜLTEN ÇAPAR PARKI,2019-07-31,2019-09-05,57,37.0,267
1446966,SEMA YAZAR PARKI,2015-05-02,2015-06-01,310,37.0,2850
670666,TEOMAN EREL PARKI,2023-09-04,2023-10-05,405,26.0,2765
2246325,SÜLEYMAN TÜRKOĞLU PARKI,2022-05-31,2022-06-28,208,98.0,1919
2246271,BERFO ANA PARKI,2018-04-19,2018-05-23,1526,1485.0,11200
2246025,KEMAL SUNAL PARKI,2018-06-22,2018-07-24,303,347.0,1600
1447076,HAMZA AKSOY PARKI,2020-09-07,2020-10-06,297,143.0,1916
2246325,SÜLEYMAN TÜRKOĞLU PARKI,2022-06-28,2022-07-30,300,249.0,1919
670666,TEOMAN EREL PARKI,2021-06-28,2021-08-03,595,393.0,2765
1445850,TEOMAN ÖZTÜRK PARKI,2018-05-21,2018-06-25,1143,128.0,8000
1447067,NEŞET ERTAŞ PARKI,2015-06-04,2015-07-03,267,291.0,3160
1447076,HAMZA AKSOY PARKI,2020-06-04,2020-07-03,271,137.0,1916
1445606,NASUH AKAR PARKI,2021-06-30,2021-08-04,174,40.0,803
1071503,İSMET İNÖNÜ PARKI,2016-11-03,2017-04-27,641,13058.0,9088
332018,AFET İNAN PARKI,2020-06-03,2020-07-03,77,108.0,534
1446959,GÜLTEN ÇAPAR PARKI,2018-10-02,2019-05-25,59,28.0,267
1445850,TEOMAN ÖZTÜRK PARKI,2021-09-03,2021-10-01,804,5.0,8000
2246325,SÜLEYMAN TÜRKOĞLU PARKI,2016-09-02,2016-10-01,240,285.0,1919
1446959,GÜLTEN ÇAPAR PARKI,2018-04-24,2018-05-24,33,6.0,267
1447076,HAMZA AKSOY PARKI,2017-08-26,2017-09-29,434,179.0,1916
1446436,RAUF DENKTAŞ PARKI,2018-06-23,2018-07-24,1037,1518.0,5562
2246025,KEMAL SUNAL PARKI,2019-09-03,2019-10-02,230,394.0,1600
2246419,ŞÜKRAN GÜNGÖR,2017-08-25,2017-09-29,245,310.0,1058
2246271,BERFO ANA PARKI,2020-04-01,2020-04-29,873,18.0,11200
1070089,ATAPARK,2015-09-02,2016-05-31,3242,890.0,8271
2246271,BERFO ANA PARKI,2022-08-04,2022-09-05,2120,1623.0,11200
1446837,KAĞAN GÜRŞEN PARKI,2020-09-04,2020-10-02,163,2.0,1125
671617,ATA PARK,2016-05-28,2016-06-27,825,920.0,6052
1074372,NEJAT UYGUR PARKI,2017-03-30,2017-04-25,90,49.0,1470
1446837,KAĞAN GÜRŞEN PARKI,2018-07-24,2018-08-31,289,18.0,1125
1447076,HAMZA AKSOY PARKI,2017-05-29,2017-08-26,933,34.0,1916
1071503,İSMET İNÖNÜ PARKI,2018-06-25,2018-07-26,1760,3263.0,9088
611617,YUNUS EMRE PARKI,2017-04-27,2017-05-29,602,686.0,4847
2246025,KEMAL SUNAL PARKI,2019-07-29,2019-09-03,346,565.0,1600
2246325,SÜLEYMAN TÜRKOĞLU PARKI,2015-08-31,2015-10-02,327,468.0,1919
1446966,SEMA YAZAR PARKI,2021-10-04,2022-08-03,1627,571.0,2850
1446966,SEMA YAZAR PARKI,2017-10-27,2018-06-27,1005,700.0,2850
2246025,KEMAL SUNAL PARKI,2017-07-27,2017-08-24,275,976.0,1600
2246325,SÜLEYMAN TÜRKOĞLU PARKI,2020-07-03,2020-08-03,383,640.0,1919
2246325,SÜLEYMAN TÜRKOĞLU PARKI,2021-10-28,2022-05-31,436,22.0,1919
556459,İLHAN ERDOST PARKI,2022-09-05,2023-07-07,1272,297.0,2676
1447076,HAMZA AKSOY PARKI,2022-08-04,2022-09-05,362,158.0,1916
1447076,HAMZA AKSOY PARKI,2017-03-29,2017-04-26,124,14.0,1916
1445621,GÜL DÜNYA PARKI,2015-04-29,2015-05-30,156,383.0,1372
1446959,GÜLTEN ÇAPAR PARKI,2019-09-05,2020-06-03,114,78.0,267
556459,İLHAN ERDOST PARKI,2016-08-31,2016-10-01,350,292.0,2676
1446573,AYTEN BAYKAL PARKI,2016-09-01,2016-10-06,336,15.0,2236
1070089,ATAPARK,2022-06-03,2022-07-01,814,114.0,8271
2246325,SÜLEYMAN TÜRKOĞLU PARKI,2023-06-01,2023-07-05,273,47.0,1919
1447067,NEŞET ERTAŞ PARKI,2020-06-05,2020-07-06,502,288.0,3160
1446966,SEMA YAZAR PARKI,2017-07-28,2017-08-25,466,458.0,2850
556459,İLHAN ERDOST PARKI,2019-09-03,2019-10-02,385,243.0,2676
1446959,GÜLTEN ÇAPAR PARKI,2015-06-04,2015-07-02,21,3.0,267
332018,AFET İNAN PARKI,2019-05-24,2019-07-01,86,32.0,534
1446966,SEMA YAZAR PARKI,2018-07-27,2018-08-31,666,175.0,2850
611617,YUNUS EMRE PARKI,2022-08-31,2022-10-04,813,1107.0,4847
2246325,SÜLEYMAN TÜRKOĞLU PARKI,2017-06-28,2017-07-27,416,617.0,1919
1446436,RAUF DENKTAŞ PARKI,2015-04-01,2015-05-04,425,15.0,5562
1447067,NEŞET ERTAŞ PARKI,2018-11-01,2019-05-25,491,6.0,3160
1446837,KAĞAN GÜRŞEN PARKI,2021-05-28,2021-06-26,104,2.0,1125
2246325,SÜLEYMAN TÜRKOĞLU PARKI,2020-08-03,2020-09-07,497,580.0,1919
556459,İLHAN ERDOST PARKI,2015-04-30,2015-06-01,304,814.0,2676
1446959,GÜLTEN ÇAPAR PARKI,2019-05-25,2019-06-29,40,18.0,267
332018,AFET İNAN PARKI,2021-08-05,2021-09-03,89,53.0,534
1071503,İSMET İNÖNÜ PARKI,2022-09-06,2022-10-04,1252,978.0,9088
1446573,AYTEN BAYKAL PARKI,2016-08-03,2016-09-01,330,23.0,2236
1446959,GÜLTEN ÇAPAR PARKI,2020-06-03,2020-07-03,38,21.0,267
2246419,ŞÜKRAN GÜNGÖR,2019-10-04,2020-06-02,308,73.0,1058
1447100,SEHERGÜL ATEŞ,2016-03-01,2016-04-30,38,100.0,400
1446837,KAĞAN GÜRŞEN PARKI,2022-06-01,2022-06-28,113,2.0,1125
1445850,TEOMAN ÖZTÜRK PARKI,2021-04-02,2021-06-01,1777,82.0,8000
1445606,NASUH AKAR PARKI,2019-10-04,2020-07-02,345,28.0,803
1446837,KAĞAN GÜRŞEN PARKI,2019-10-02,2020-06-02,340,98.0,1125
332018,AFET İNAN PARKI,2020-07-03,2020-08-05,114,197.0,534
1071503,İSMET İNÖNÜ PARKI,2021-09-06,2021-10-04,871,103.0,9088
556459,İLHAN ERDOST PARKI,2020-09-04,2020-10-06,462,212.0,2676
1073156,İSMET İNÖNÜ PARKI,2022-12-05,2023-08-05,4363,897.0,9088
1446573,AYTEN BAYKAL PARKI,2016-11-04,2017-04-27,157,2.0,2236
1074372,NEJAT UYGUR PARKI,2022-11-30,2023-06-01,201,36.0,1470
1445850,TEOMAN ÖZTÜRK PARKI,2023-07-08,2023-08-07,1692,836.0,8000
611617,YUNUS EMRE PARKI,2022-11-30,2023-07-05,1340,151.0,4847
1445850,TEOMAN ÖZTÜRK PARKI,2023-08-07,2023-09-05,1903,942.0,8000
1446436,RAUF DENKTAŞ PARKI,2018-04-19,2018-05-22,739,471.0,5562
1447076,HAMZA AKSOY PARKI,2016-06-29,2016-08-03,403,131.0,1916
2246025,KEMAL SUNAL PARKI,2016-08-27,2016-10-01,230,353.0,1600
1071286,NECATİ YURTTAKALAN PARKI,2018-11-01,2019-07-01,315,40.0,1011
1073156,İSMET İNÖNÜ PARKI,2023-08-05,2023-09-06,2385,644.0,9088
670666,TEOMAN EREL PARKI,2020-08-07,2020-09-08,655,374.0,2765
1074372,NEJAT UYGUR PARKI,2022-06-02,2022-06-30,149,108.0,1470
2246325,SÜLEYMAN TÜRKOĞLU PARKI,2019-10-02,2020-07-03,858,350.0,1919
1446837,KAĞAN GÜRŞEN PARKI,2018-08-31,2018-10-02,160,2.0,1125
1445850,TEOMAN ÖZTÜRK PARKI,2023-01-05,2023-05-06,604,18.0,8000
1446573,AYTEN BAYKAL PARKI,2015-08-04,2015-09-02,340,71.0,2236
1446436,RAUF DENKTAŞ PARKI,2019-05-22,2019-06-27,842,1056.0,5562
1446573,AYTEN BAYKAL PARKI,2021-08-04,2021-09-02,387,59.0,2236
611617,YUNUS EMRE PARKI,2023-07-05,2023-08-02,902,955.0,4847
2246419,ŞÜKRAN GÜNGÖR,2016-08-31,2016-10-04,154,139.0,1058
1446966,SEMA YAZAR PARKI,2018-08-31,2018-10-02,406,339.0,2850
671617,ATA PARK,2015-06-01,2015-07-01,524,294.0,6052
1074372,NEJAT UYGUR PARKI,2016-08-27,2016-10-03,226,362.0,1470
1447067,NEŞET ERTAŞ PARKI,2020-09-07,2020-10-06,491,1660.0,3160
1446573,AYTEN BAYKAL PARKI,2021-09-02,2021-10-01,231,27.0,2236
1071286,NECATİ YURTTAKALAN PARKI,2022-05-31,2022-09-01,461,79.0,1011
1070089,ATAPARK,2017-10-28,2018-04-21,655,18.0,8271
2246325,SÜLEYMAN TÜRKOĞLU PARKI,2021-06-26,2021-08-02,412,620.0,1919
2246271,BERFO ANA PARKI,2019-01-23,2019-04-20,431,82.0,11200
670666,TEOMAN EREL PARKI,2022-10-04,2023-05-05,330,6.0,2765
556459,İLHAN ERDOST PARKI,2018-09-01,2018-09-28,333,784.0,2676
671617,ATA PARK,2021-12-01,2022-05-05,676,27.0,6052
1445850,TEOMAN ÖZTÜRK PARKI,2019-06-29,2019-07-29,1373,561.0,8000
2246325,SÜLEYMAN TÜRKOĞLU PARKI,2018-05-22,2018-06-27,286,74.0,1919
1445606,NASUH AKAR PARKI,2022-11-01,2023-10-06,702,187.0,803
1447067,NEŞET ERTAŞ PARKI,2020-07-06,2020-08-06,641,274.0,3160
2246419,ŞÜKRAN GÜNGÖR,2016-07-30,2016-08-31,184,190.0,1058
671617,ATA PARK,2022-07-01,2022-08-04,1082,100.0,6052
1446837,KAĞAN GÜRŞEN PARKI,2018-04-19,2018-05-22,149,16.0,1125
671617,ATA PARK,2017-11-25,2018-04-24,522,88.0,6052
1074424,EFE ECE DALMANOĞLU PARKI,2018-08-29,2019-04-24,6,9.0,25
1445850,TEOMAN ÖZTÜRK PARKI,2018-03-24,2018-04-20,580,33.0,8000
1071503,İSMET İNÖNÜ PARKI,2021-08-05,2021-09-06,1634,2094.0,9088
2246271,BERFO ANA PARKI,2019-09-03,2019-10-02,1611,1449.0,11200
611617,YUNUS EMRE PARKI,2022-08-01,2022-08-31,875,992.0,4847
1446436,RAUF DENKTAŞ PARKI,2018-09-01,2018-09-29,722,605.0,5562
2246419,ŞÜKRAN GÜNGÖR,2015-10-03,2016-04-28,153,53.0,1058
1446573,AYTEN BAYKAL PARKI,2015-03-03,2015-06-02,408,50.0,2236
1447067,NEŞET ERTAŞ PARKI,2018-09-03,2018-10-03,398,1778.0,3160
1071286,NECATİ YURTTAKALAN PARKI,2020-06-04,2020-07-04,151,138.0,1011
1074424,EFE ECE DALMANOĞLU PARKI,2020-09-04,2020-10-05,4,20.0,25
1447076,HAMZA AKSOY PARKI,2023-09-04,2023-10-09,311,264.0,1916
1445606,NASUH AKAR PARKI,2017-10-26,2018-05-24,172,18.0,803
1070089,ATAPARK,2021-09-02,2021-10-04,911,1034.0,8271
1071503,İSMET İNÖNÜ PARKI,2016-08-29,2016-10-03,1347,72.0,9088
1446436,RAUF DENKTAŞ PARKI,2018-07-24,2018-09-01,1475,1109.0,5562
1074372,NEJAT UYGUR PARKI,2016-05-30,2016-06-25,177,497.0,1470
1447076,HAMZA AKSOY PARKI,2022-12-05,2023-07-08,558,1.0,1916
670666,TEOMAN EREL PARKI,2022-08-02,2022-09-06,565,250.0,2765
1446436,RAUF DENKTAŞ PARKI,2015-06-01,2015-07-02,500,731.0,5562
1445606,NASUH AKAR PARKI,2018-07-25,2018-09-05,226,78.0,803
1446573,AYTEN BAYKAL PARKI,2022-09-06,2023-07-07,1052,31.0,2236
1445606,NASUH AKAR PARKI,2019-09-05,2019-10-04,114,34.0,803
670666,TEOMAN EREL PARKI,2018-07-27,2018-09-05,741,511.0,2765
2246271,BERFO ANA PARKI,2023-05-04,2023-07-07,2489,384.0,11200
332018,AFET İNAN PARKI,2017-10-26,2018-05-24,114,2.0,534
1074372,NEJAT UYGUR PARKI,2020-07-04,2020-08-05,305,92.0,1470
1070089,ATAPARK,2014-04-03,2015-06-01,1478,2252.0,8271
1446573,AYTEN BAYKAL PARKI,2017-05-26,2017-06-28,252,18.0,2236
1446959,GÜLTEN ÇAPAR PARKI,2022-09-06,2022-10-06,37,9.0,267
1447100,SEHERGÜL ATEŞ,2016-08-03,2016-09-01,59,278.0,400
1071286,NECATİ YURTTAKALAN PARKI,2017-10-25,2018-04-20,81,32.0,1011
671617,ATA PARK,2017-08-29,2017-10-02,1335,1076.0,6052
1074372,NEJAT UYGUR PARKI,2017-04-25,2017-05-26,182,384.0,1470
1446959,GÜLTEN ÇAPAR PARKI,2015-03-04,2015-06-04,49,24.0,267
1447100,SEHERGÜL ATEŞ,2016-09-01,2016-10-06,60,294.0,400
671617,ATA PARK,2022-06-06,2022-07-01,511,44.0,6052
1447067,NEŞET ERTAŞ PARKI,2015-07-03,2015-08-05,525,852.0,3160
1446573,AYTEN BAYKAL PARKI,2017-07-29,2017-08-28,386,36.0,2236
1446573,AYTEN BAYKAL PARKI,2018-05-24,2018-06-26,309,5.0,2236
671617,ATA PARK,2021-09-02,2021-10-04,666,344.0,6052
670666,TEOMAN EREL PARKI,2017-08-26,2017-09-29,626,318.0,2765
1446436,RAUF DENKTAŞ PARKI,2016-08-29,2016-10-01,767,621.0,5562
2246325,SÜLEYMAN TÜRKOĞLU PARKI,2022-07-30,2022-08-31,380,269.0,1919
1445850,TEOMAN ÖZTÜRK PARKI,2017-04-26,2017-05-27,990,796.0,8000
1447067,NEŞET ERTAŞ PARKI,2017-04-26,2017-05-29,405,45.0,3160
1446966,SEMA YAZAR PARKI,2017-05-26,2017-06-23,247,653.0,2850
2246271,BERFO ANA PARKI,2018-08-31,2018-09-28,1449,2042.0,11200
1071286,NECATİ YURTTAKALAN PARKI,2015-03-03,2015-10-02,734,391.0,1011
2246271,BERFO ANA PARKI,2015-04-30,2015-06-01,1275,1061.0,11200
2246419,ŞÜKRAN GÜNGÖR,2021-09-30,2022-06-29,428,12.0,1058
611617,YUNUS EMRE PARKI,2016-08-31,2016-10-03,685,776.0,4847
1071286,NECATİ YURTTAKALAN PARKI,2020-08-04,2020-09-03,234,102.0,1011
332018,AFET İNAN PARKI,2019-10-05,2020-06-03,153,58.0,534
1446966,SEMA YAZAR PARKI,2022-09-05,2022-09-30,361,188.0,2850
2246271,BERFO ANA PARKI,2022-07-04,2022-08-04,1891,1592.0,11200
670666,TEOMAN EREL PARKI,2021-08-03,2021-09-01,494,559.0,2765
2246271,BERFO ANA PARKI,2017-06-22,2017-07-27,2757,3540.0,11200
1070089,ATAPARK,2022-03-04,2022-06-03,1969,477.0,8271
1446837,KAĞAN GÜRŞEN PARKI,2019-09-04,2019-10-02,153,2.0,1125
2246271,BERFO ANA PARKI,2018-07-24,2018-08-31,2885,2328.0,11200
1446573,AYTEN BAYKAL PARKI,2017-04-27,2017-05-26,262,37.0,2236
1445606,NASUH AKAR PARKI,2016-06-28,2016-08-02,164,2.0,803
1445850,TEOMAN ÖZTÜRK PARKI,2022-08-04,2022-09-05,1514,2198.0,8000
1073156,İSMET İNÖNÜ PARKI,2016-11-03,2017-07-27,4594,1.0,9088
1445606,NASUH AKAR PARKI,2018-10-03,2019-07-01,304,31.0,803
1071503,İSMET İNÖNÜ PARKI,2023-08-05,2023-09-06,2385,1925.0,9088
1447076,HAMZA AKSOY PARKI,2019-05-23,2019-07-30,630,182.0,1916
1447067,NEŞET ERTAŞ PARKI,2018-07-28,2018-09-03,789,126.0,3160
2246025,KEMAL SUNAL PARKI,2021-08-31,2021-09-29,175,98.0,1600
2246325,SÜLEYMAN TÜRKOĞLU PARKI,2015-08-01,2015-08-31,290,527.0,1919
1446436,RAUF DENKTAŞ PARKI,2016-05-27,2016-06-25,709,1262.0,5562
2246325,SÜLEYMAN TÜRKOĞLU PARKI,2022-08-31,2022-09-30,292,230.0,1919
1071503,İSMET İNÖNÜ PARKI,2022-07-01,2022-08-04,1624,1672.0,9088
611617,YUNUS EMRE PARKI,2021-08-31,2021-09-29,532,82.0,4847
2246419,ŞÜKRAN GÜNGÖR,2020-09-04,2020-10-05,172,159.0,1058
556459,İLHAN ERDOST PARKI,2018-11-27,2019-04-22,110,6.0,2676
1071286,NECATİ YURTTAKALAN PARKI,2020-07-04,2020-08-04,202,127.0,1011
1447067,NEŞET ERTAŞ PARKI,2017-10-28,2018-05-24,673,41.0,3160
1445850,TEOMAN ÖZTÜRK PARKI,2023-06-05,2023-07-08,1191,91.0,8000
332018,AFET İNAN PARKI,2022-07-01,2022-08-05,99,340.0,534
2246025,KEMAL SUNAL PARKI,2023-07-05,2023-08-03,310,841.0,1600
611617,YUNUS EMRE PARKI,2022-06-28,2022-08-01,822,1243.0,4847
670666,TEOMAN EREL PARKI,2019-07-01,2019-08-02,517,871.0,2765
1446959,GÜLTEN ÇAPAR PARKI,2019-06-29,2019-07-31,48,31.0,267
1446573,AYTEN BAYKAL PARKI,2020-09-04,2020-10-05,364,56.0,2236
2246419,ŞÜKRAN GÜNGÖR,2019-05-23,2019-06-29,166,122.0,1058
671617,ATA PARK,2017-06-30,2017-07-29,1321,3142.0,6052
1446959,GÜLTEN ÇAPAR PARKI,2018-05-24,2018-06-26,37,13.0,267
1073156,İSMET İNÖNÜ PARKI,2016-05-30,2016-06-27,1202,12.0,9088
1446959,GÜLTEN ÇAPAR PARKI,2017-08-26,2017-09-30,61,38.0,267
2246325,SÜLEYMAN TÜRKOĞLU PARKI,2019-09-03,2019-10-02,276,364.0,1919
1447067,NEŞET ERTAŞ PARKI,2017-07-31,2017-08-28,505,118.0,3160
1445606,NASUH AKAR PARKI,2020-07-30,2020-09-04,217,55.0,803
2246325,SÜLEYMAN TÜRKOĞLU PARKI,2021-08-02,2021-08-31,345,403.0,1919
1074372,NEJAT UYGUR PARKI,2017-08-25,2017-09-28,335,633.0,1470
1447076,HAMZA AKSOY PARKI,2020-07-03,2020-08-06,426,89.0,1916
2246271,BERFO ANA PARKI,2016-05-27,2016-06-25,1428,1999.0,11200
2246271,BERFO ANA PARKI,2017-08-24,2017-09-28,2602,3190.0,11200
1446436,RAUF DENKTAŞ PARKI,2019-06-27,2019-07-29,1022,1394.0,5562
1446573,AYTEN BAYKAL PARKI,2022-06-06,2022-06-29,175,2.0,2236
1074372,NEJAT UYGUR PARKI,2017-05-26,2017-06-23,127,176.0,1470
2246271,BERFO ANA PARKI,2015-07-01,2015-08-03,1840,2916.0,11200
556459,İLHAN ERDOST PARKI,2019-05-22,2019-06-26,386,72.0,2676
1071503,İSMET İNÖNÜ PARKI,2022-06-06,2022-07-01,767,109.0,9088
1446436,RAUF DENKTAŞ PARKI,2016-06-25,2016-07-30,1105,2277.0,5562
2246025,KEMAL SUNAL PARKI,2015-08-29,2015-10-01,285,608.0,1600
1446436,RAUF DENKTAŞ PARKI,2020-09-05,2020-10-08,1012,670.0,5562
1445850,TEOMAN ÖZTÜRK PARKI,2019-09-06,2019-10-04,1086,350.0,8000
1071286,NECATİ YURTTAKALAN PARKI,2017-05-24,2017-07-27,338,166.0,1011
2246419,ŞÜKRAN GÜNGÖR,2018-06-25,2018-07-24,190,217.0,1058
556459,İLHAN ERDOST PARKI,2016-04-29,2016-05-27,203,153.0,2676
332018,AFET İNAN PARKI,2017-08-25,2017-10-02,127,111.0,534
1074424,EFE ECE DALMANOĞLU PARKI,2018-05-22,2018-06-23,3,1.0,25
1070089,ATAPARK,2021-01-07,2021-06-01,1843,173.0,8271
1074424,EFE ECE DALMANOĞLU PARKI,2016-08-01,2016-08-29,3,14.0,25
1447067,NEŞET ERTAŞ PARKI,2019-09-05,2019-10-05,470,1778.0,3160
611617,YUNUS EMRE PARKI,2017-10-28,2018-05-25,1047,1237.0,4847
1070089,ATAPARK,2018-09-03,2018-10-03,1042,255.0,8271
611617,YUNUS EMRE PARKI,2019-08-01,2019-09-06,1042,950.0,4847
332018,AFET İNAN PARKI,2018-09-03,2018-10-01,63,56.0,534
2246025,KEMAL SUNAL PARKI,2015-03-03,2015-04-30,108,80.0,1600
1074372,NEJAT UYGUR PARKI,2022-03-31,2022-04-29,148,3.0,1470
611617,YUNUS EMRE PARKI,2018-09-05,2018-10-02,521,486.0,4847
1074372,NEJAT UYGUR PARKI,2021-05-31,2021-06-29,135,17.0,1470
332018,AFET İNAN PARKI,2017-05-29,2017-06-29,59,82.0,534
1445606,NASUH AKAR PARKI,2016-08-02,2016-09-01,125,802.0,803
2246419,ŞÜKRAN GÜNGÖR,2019-09-05,2019-10-04,150,153.0,1058
1447076,HAMZA AKSOY PARKI,2022-09-05,2022-09-30,243,59.0,1916
1070089,ATAPARK,2022-11-03,2023-07-05,2286,121.0,8271
1447076,HAMZA AKSOY PARKI,2015-06-01,2015-08-04,482,279.0,1916
1446573,AYTEN BAYKAL PARKI,2015-06-02,2015-08-04,557,88.0,2236
671617,ATA PARK,2018-04-24,2018-05-25,786,1107.0,6052
2246271,BERFO ANA PARKI,2020-07-02,2020-08-04,2385,1974.0,11200
1447076,HAMZA AKSOY PARKI,2015-08-04,2016-06-29,1277,88.0,1916
2246419,ŞÜKRAN GÜNGÖR,2021-05-31,2021-06-29,97,21.0,1058
1074372,NEJAT UYGUR PARKI,2022-09-06,2022-10-03,199,243.0,1470
1074372,NEJAT UYGUR PARKI,2022-04-29,2022-06-02,198,109.0,1470
1073156,İSMET İNÖNÜ PARKI,2016-08-01,2016-08-29,1406,476.0,9088
1074424,EFE ECE DALMANOĞLU PARKI,2020-06-01,2020-07-02,3,15.0,25
1073156,İSMET İNÖNÜ PARKI,2018-05-21,2018-06-22,1198,70.0,9088
556459,İLHAN ERDOST PARKI,2023-07-07,2023-09-05,1193,691.0,2676
556459,İLHAN ERDOST PARKI,2020-07-03,2020-08-05,572,230.0,2676
1073156,İSMET İNÖNÜ PARKI,2018-07-23,2018-09-04,2665,532.0,9088
2246325,SÜLEYMAN TÜRKOĞLU PARKI,2016-06-29,2016-08-01,370,807.0,1919
1074372,NEJAT UYGUR PARKI,2016-06-25,2016-07-30,292,834.0,1470
1447076,HAMZA AKSOY PARKI,2018-07-26,2018-09-03,503,176.0,1916
1447076,HAMZA AKSOY PARKI,2018-09-03,2018-10-03,241,158.0,1916
1071286,NECATİ YURTTAKALAN PARKI,2019-07-01,2019-08-01,181,16.0,1011
1446966,SEMA YAZAR PARKI,2020-09-04,2020-10-02,414,261.0,2850
1445850,TEOMAN ÖZTÜRK PARKI,2020-04-29,2020-06-04,1147,212.0,8000
670666,TEOMAN EREL PARKI,2015-03-03,2015-06-04,513,146.0,2765
1446573,AYTEN BAYKAL PARKI,2018-06-26,2018-09-01,963,10.0,2236
2246325,SÜLEYMAN TÜRKOĞLU PARKI,2023-09-04,2023-10-09,311,531.0,1919
332018,AFET İNAN PARKI,2021-09-03,2021-10-01,53,46.0,534
332018,AFET İNAN PARKI,2017-06-29,2017-07-27,113,158.0,534
1073156,İSMET İNÖNÜ PARKI,2019-07-29,2019-09-03,1967,319.0,9088
671617,ATA PARK,2020-11-04,2021-08-04,3188,1143.0,6052
1074424,EFE ECE DALMANOĞLU PARKI,2020-11-02,2021-08-02,12,227.0,25
1446837,KAĞAN GÜRŞEN PARKI,2018-10-30,2019-06-28,345,17.0,1125
1445850,TEOMAN ÖZTÜRK PARKI,2015-08-04,2015-08-31,1104,380.0,8000
2246325,SÜLEYMAN TÜRKOĞLU PARKI,2023-07-05,2023-08-02,357,288.0,1919
1445621,GÜL DÜNYA PARKI,2015-02-28,2015-04-29,88,3.0,1372
670666,TEOMAN EREL PARKI,2016-09-03,2017-04-27,754,415.0,2765
1074372,NEJAT UYGUR PARKI,2015-11-30,2016-05-30,255,300.0,1470
332018,AFET İNAN PARKI,2022-08-05,2022-09-06,99,647.0,534
1446959,GÜLTEN ÇAPAR PARKI,2017-05-29,2017-06-29,29,18.0,267
1445850,TEOMAN ÖZTÜRK PARKI,2019-05-24,2019-06-29,1238,457.0,8000
556459,İLHAN ERDOST PARKI,2015-07-01,2015-09-01,827,1434.0,2676
1445850,TEOMAN ÖZTÜRK PARKI,2016-05-27,2016-06-27,1111,439.0,8000
2246271,BERFO ANA PARKI,2020-08-04,2020-09-03,2597,1866.0,11200
1445606,NASUH AKAR PARKI,2020-07-02,2020-07-30,145,66.0,803
2246025,KEMAL SUNAL PARKI,2017-08-24,2017-09-27,369,881.0,1600
1447076,HAMZA AKSOY PARKI,2023-08-05,2023-09-04,487,264.0,1916
2246025,KEMAL SUNAL PARKI,2018-07-24,2018-08-31,412,472.0,1600
1446966,SEMA YAZAR PARKI,2022-09-30,2023-09-05,2260,309.0,2850
556459,İLHAN ERDOST PARKI,2018-03-21,2018-05-22,534,140.0,2676
611617,YUNUS EMRE PARKI,2016-08-02,2016-08-31,743,1340.0,4847
2246271,BERFO ANA PARKI,2015-08-03,2015-09-01,1682,2383.0,11200
2246419,ŞÜKRAN GÜNGÖR,2015-09-01,2015-10-03,175,410.0,1058
2246325,SÜLEYMAN TÜRKOĞLU PARKI,2020-11-02,2021-05-31,423,24.0,1919
1074372,NEJAT UYGUR PARKI,2023-09-05,2023-10-06,220,87.0,1470
1446966,SEMA YAZAR PARKI,2015-03-03,2015-05-02,204,1.0,2850
1447076,HAMZA AKSOY PARKI,2015-03-04,2015-06-01,342,169.0,1916
1073156,İSMET İNÖNÜ PARKI,2019-07-01,2019-07-29,1484,252.0,9088
1446436,RAUF DENKTAŞ PARKI,2022-04-28,2022-08-01,2202,2341.0,5562
1446573,AYTEN BAYKAL PARKI,2020-10-05,2021-06-29,941,17.0,2236
1071503,İSMET İNÖNÜ PARKI,2017-04-27,2017-05-29,1130,1010.0,9088
2246325,SÜLEYMAN TÜRKOĞLU PARKI,2015-03-03,2015-05-30,333,385.0,1919
671617,ATA PARK,2016-06-27,2016-08-02,1276,2311.0,6052
1074424,EFE ECE DALMANOĞLU PARKI,2016-11-03,2017-05-30,4,129.0,25
1073156,İSMET İNÖNÜ PARKI,2019-09-03,2019-10-07,1522,273.0,9088
556459,İLHAN ERDOST PARKI,2017-03-25,2017-04-25,164,1.0,2676
1447100,SEHERGÜL ATEŞ,2016-06-28,2016-08-03,85,219.0,400
556459,İLHAN ERDOST PARKI,2017-06-22,2017-07-27,658,634.0,2676
1071503,İSMET İNÖNÜ PARKI,2019-07-01,2019-07-30,1533,2638.0,9088
1446837,KAĞAN GÜRŞEN PARKI,2019-06-28,2019-07-31,211,23.0,1125
2246025,KEMAL SUNAL PARKI,2020-09-02,2020-10-02,270,265.0,1600
1446966,SEMA YAZAR PARKI,2015-06-01,2016-05-30,2221,37.0,2850
1446966,SEMA YAZAR PARKI,2019-07-30,2019-09-04,606,150.0,2850
611617,YUNUS EMRE PARKI,2020-06-04,2020-07-06,785,183.0,4847
2246025,KEMAL SUNAL PARKI,2018-03-21,2018-05-21,314,500.0,1600
1447076,HAMZA AKSOY PARKI,2023-07-08,2023-08-05,368,211.0,1916
671617,ATA PARK,2016-09-02,2016-10-04,851,1451.0,6052
670666,TEOMAN EREL PARKI,2015-06-04,2015-07-03,233,56.0,2765
1071503,İSMET İNÖNÜ PARKI,2017-06-22,2017-07-27,2237,3807.0,9088
1070089,ATAPARK,2019-08-01,2019-09-06,1779,162.0,8271
611617,YUNUS EMRE PARKI,2022-05-05,2022-06-01,564,379.0,4847
1446959,GÜLTEN ÇAPAR PARKI,2015-07-02,2015-09-01,81,63.0,267
1446436,RAUF DENKTAŞ PARKI,2017-06-23,2017-07-28,1373,2099.0,5562
611617,YUNUS EMRE PARKI,2020-09-07,2020-10-07,799,84.0,4847
1070089,ATAPARK,2016-08-02,2016-09-02,1325,391.0,8271
2246025,KEMAL SUNAL PARKI,2023-06-01,2023-07-05,228,43.0,1600
1070089,ATAPARK,2018-10-03,2019-06-29,3075,335.0,8271
670666,TEOMAN EREL PARKI,2017-05-27,2017-06-30,342,231.0,2765
2246325,SÜLEYMAN TÜRKOĞLU PARKI,2018-07-23,2018-08-29,485,366.0,1919
2246419,ŞÜKRAN GÜNGÖR,2020-08-04,2020-09-04,254,234.0,1058
1447076,HAMZA AKSOY PARKI,2021-08-04,2021-09-02,332,543.0,1916
1445850,TEOMAN ÖZTÜRK PARKI,2019-07-29,2019-09-06,1892,640.0,8000
1446837,KAĞAN GÜRŞEN PARKI,2021-10-28,2022-06-01,261,87.0,1125
1446573,AYTEN BAYKAL PARKI,2016-03-01,2016-05-02,227,1.0,2236
611617,YUNUS EMRE PARKI,2018-11-02,2019-05-25,753,136.0,4847
1071286,NECATİ YURTTAKALAN PARKI,2016-03-31,2016-06-29,312,187.0,1011
332018,AFET İNAN PARKI,2019-08-02,2019-09-06,111,59.0,534
671617,ATA PARK,2018-08-31,2018-10-03,889,949.0,6052
1446436,RAUF DENKTAŞ PARKI,2019-07-29,2019-09-04,1243,1150.0,5562
611617,YUNUS EMRE PARKI,2019-05-25,2019-07-01,769,275.0,4847
1445850,TEOMAN ÖZTÜRK PARKI,2018-04-20,2018-05-21,1013,42.0,8000
2246419,ŞÜKRAN GÜNGÖR,2018-04-20,2018-05-22,137,73.0,1058
2246271,BERFO ANA PARKI,2023-09-05,2023-10-09,1799,1863.0,11200
1074424,EFE ECE DALMANOĞLU PARKI,2021-08-02,2021-08-31,4,30.0,25
1071503,İSMET İNÖNÜ PARKI,2017-08-24,2017-09-29,2144,2296.0,9088
1070089,ATAPARK,2017-07-31,2017-08-28,1322,331.0,8271
671617,ATA PARK,2015-07-31,2016-05-28,3308,4832.0,6052
2246325,SÜLEYMAN TÜRKOĞLU PARKI,2021-05-31,2021-06-26,156,39.0,1919
1073156,İSMET İNÖNÜ PARKI,2022-06-06,2022-07-01,767,32.0,9088
1074372,NEJAT UYGUR PARKI,2015-08-01,2015-09-03,257,592.0,1470
1445850,TEOMAN ÖZTÜRK PARKI,2023-09-05,2023-10-04,1136,297.0,8000
1447067,NEŞET ERTAŞ PARKI,2016-06-29,2016-08-02,638,775.0,3160
1446837,KAĞAN GÜRŞEN PARKI,2018-03-23,2018-04-19,78,34.0,1125
1071503,İSMET İNÖNÜ PARKI,2020-06-03,2021-08-05,12467,28239.0,9088
1446436,RAUF DENKTAŞ PARKI,2019-09-04,2019-10-03,794,643.0,5562
671617,ATA PARK,2020-04-01,2020-04-29,472,305.0,6052
2246271,BERFO ANA PARKI,2018-03-21,2018-04-19,785,142.0,11200
2246025,KEMAL SUNAL PARKI,2018-08-31,2018-09-28,207,283.0,1600
2246419,ŞÜKRAN GÜNGÖR,2016-05-30,2016-06-27,139,313.0,1058
2246271,BERFO ANA PARKI,2019-04-20,2019-05-22,1242,64.0,11200
1446436,RAUF DENKTAŞ PARKI,2017-07-28,2017-08-24,881,1109.0,5562
1446837,KAĞAN GÜRŞEN PARKI,2021-06-26,2021-08-02,241,26.0,1125
556459,İLHAN ERDOST PARKI,2018-05-22,2018-06-22,346,116.0,2676
2246025,KEMAL SUNAL PARKI,2016-05-27,2016-06-25,204,694.0,1600
1447076,HAMZA AKSOY PARKI,2019-12-04,2020-06-04,418,67.0,1916
1446436,RAUF DENKTAŞ PARKI,2017-08-24,2017-09-28,1292,1023.0,5562
1446959,GÜLTEN ÇAPAR PARKI,2021-09-30,2022-06-06,88,10.0,267
1074372,NEJAT UYGUR PARKI,2019-05-22,2019-06-27,222,242.0,1470
1445850,TEOMAN ÖZTÜRK PARKI,2019-03-26,2019-04-25,395,6.0,8000
671617,ATA PARK,2020-04-29,2020-08-05,2964,248.0,6052
332018,AFET İNAN PARKI,2022-09-06,2022-10-05,74,62.0,534
1071286,NECATİ YURTTAKALAN PARKI,2020-09-03,2020-10-05,177,57.0,1011
2246271,BERFO ANA PARKI,2021-11-30,2022-05-05,1251,509.0,11200
1446966,SEMA YAZAR PARKI,2018-11-01,2019-06-28,854,412.0,2850
1446966,SEMA YAZAR PARKI,2020-06-03,2020-07-06,470,250.0,2850
611617,YUNUS EMRE PARKI,2018-07-27,2018-09-05,1299,1281.0,4847
1073156,İSMET İNÖNÜ PARKI,2018-09-04,2018-10-03,1089,382.0,9088
1070089,ATAPARK,2021-08-04,2021-09-02,1435,2247.0,8271
1074424,EFE ECE DALMANOĞLU PARKI,2019-09-05,2019-10-03,3,50.0,25
1073156,İSMET İNÖNÜ PARKI,2020-09-07,2020-10-03,1210,163.0,9088
1074372,NEJAT UYGUR PARKI,2023-08-04,2023-09-05,389,180.0,1470
1070089,ATAPARK,2017-08-28,2017-10-02,1855,346.0,8271
2246025,KEMAL SUNAL PARKI,2019-06-27,2019-07-29,294,325.0,1600
1446837,KAĞAN GÜRŞEN PARKI,2016-06-29,2016-10-04,551,91.0,1125
1445850,TEOMAN ÖZTÜRK PARKI,2018-07-24,2018-09-05,2336,1339.0,8000
1446837,KAĞAN GÜRŞEN PARKI,2022-08-31,2022-09-29,167,13.0,1125
611617,YUNUS EMRE PARKI,2016-11-02,2017-04-27,342,268.0,4847
671617,ATA PARK,2023-08-04,2023-09-04,1585,1086.0,6052
1074372,NEJAT UYGUR PARKI,2020-11-03,2021-04-27,88,12.0,1470
670666,TEOMAN EREL PARKI,2020-09-08,2020-10-07,443,310.0,2765
332018,AFET İNAN PARKI,2018-05-24,2018-06-27,76,17.0,534
2246325,SÜLEYMAN TÜRKOĞLU PARKI,2015-06-30,2015-08-01,303,709.0,1919
1073156,İSMET İNÖNÜ PARKI,2021-12-02,2022-06-06,2272,226.0,9088
2246825,ABDULLAH CÖMERT PARKI,2014-09-03,2015-05-30,157,11.0,905
1446573,AYTEN BAYKAL PARKI,2022-08-05,2022-09-06,417,95.0,2236
1446966,SEMA YAZAR PARKI,2019-06-28,2019-07-30,519,244.0,2850
2246325,SÜLEYMAN TÜRKOĞLU PARKI,2017-08-25,2017-09-28,437,492.0,1919
670666,TEOMAN EREL PARKI,2023-08-04,2023-09-04,724,497.0,2765
2246419,ŞÜKRAN GÜNGÖR,2019-06-29,2019-08-02,207,224.0,1058
1446837,KAĞAN GÜRŞEN PARKI,2018-05-22,2018-06-25,158,19.0,1125
1445850,TEOMAN ÖZTÜRK PARKI,2017-06-30,2017-07-28,1696,1348.0,8000
1070089,ATAPARK,2019-11-06,2020-06-04,1805,4582.0,8271
556459,İLHAN ERDOST PARKI,2021-07-01,2021-08-04,564,230.0,2676
2246271,BERFO ANA PARKI,2017-04-25,2017-05-29,1468,2149.0,11200
332018,AFET İNAN PARKI,2022-05-06,2022-06-03,67,69.0,534
332018,AFET İNAN PARKI,2019-07-01,2019-08-02,100,68.0,534
1074372,NEJAT UYGUR PARKI,2018-05-21,2018-06-22,193,109.0,1470
2246271,BERFO ANA PARKI,2019-07-29,2019-09-03,2424,2479.0,11200
1447076,HAMZA AKSOY PARKI,2016-08-03,2016-09-03,297,35.0,1916
1445850,TEOMAN ÖZTÜRK PARKI,2022-07-02,2022-08-04,1410,830.0,8000
671617,ATA PARK,2017-07-29,2017-08-29,1086,2012.0,6052
1071503,İSMET İNÖNÜ PARKI,2016-06-27,2016-08-01,1833,73.0,9088
556459,İLHAN ERDOST PARKI,2017-08-24,2017-09-28,621,423.0,2676
1445850,TEOMAN ÖZTÜRK PARKI,2017-07-28,2017-08-26,1346,1151.0,8000
332018,AFET İNAN PARKI,2023-08-05,2023-09-05,137,102.0,534
1445850,TEOMAN ÖZTÜRK PARKI,2020-06-04,2020-07-06,1296,200.0,8000
2246025,KEMAL SUNAL PARKI,2017-06-22,2017-07-27,393,1582.0,1600
611617,YUNUS EMRE PARKI,2020-01-04,2020-06-04,1058,118.0,4847
1445850,TEOMAN ÖZTÜRK PARKI,2015-08-31,2015-10-01,1346,327.0,8000
1445850,TEOMAN ÖZTÜRK PARKI,2022-06-06,2022-07-02,701,3.0,8000
2246271,BERFO ANA PARKI,2020-09-03,2020-10-05,1968,1245.0,11200
1445850,TEOMAN ÖZTÜRK PARKI,2022-09-05,2022-10-06,1161,1188.0,8000
2246271,BERFO ANA PARKI,2021-09-02,2021-09-30,1131,1528.0,11200
2246025,KEMAL SUNAL PARKI,2016-05-02,2016-05-27,106,264.0,1600
1074372,NEJAT UYGUR PARKI,2023-06-01,2023-07-07,225,49.0,1470
1073156,İSMET İNÖNÜ PARKI,2022-08-04,2022-09-06,1756,394.0,9088
1447076,HAMZA AKSOY PARKI,2016-09-03,2016-10-05,271,19.0,1916
1071286,NECATİ YURTTAKALAN PARKI,2017-08-24,2017-09-27,233,81.0,1011
2246419,ŞÜKRAN GÜNGÖR,2022-09-02,2022-10-04,167,128.0,1058
670666,TEOMAN EREL PARKI,2022-06-29,2022-08-02,477,228.0,2765
1074372,NEJAT UYGUR PARKI,2018-10-30,2019-05-22,227,235.0,1470
611617,YUNUS EMRE PARKI,2023-08-02,2023-09-06,1375,1024.0,4847
1071286,NECATİ YURTTAKALAN PARKI,2019-09-05,2019-10-04,144,69.0,1011
1446959,GÜLTEN ÇAPAR PARKI,2017-03-28,2017-04-26,17,196.0,267
1445621,GÜL DÜNYA PARKI,2015-06-29,2015-08-01,220,598.0,1372
556459,İLHAN ERDOST PARKI,2015-03-30,2015-04-30,181,412.0,2676
1445850,TEOMAN ÖZTÜRK PARKI,2020-07-06,2020-08-06,1623,760.0,8000
2246325,SÜLEYMAN TÜRKOĞLU PARKI,2016-11-02,2017-05-26,350,431.0,1919
2246419,ŞÜKRAN GÜNGÖR,2018-07-24,2018-08-31,272,275.0,1058
671617,ATA PARK,2022-05-05,2022-06-06,851,450.0,6052
1446966,SEMA YAZAR PARKI,2021-06-28,2021-08-04,641,353.0,2850
1446837,KAĞAN GÜRŞEN PARKI,2022-06-28,2022-07-30,176,23.0,1125
1070089,ATAPARK,2022-07-01,2022-09-02,2867,1066.0,8271
1447100,SEHERGÜL ATEŞ,2016-05-31,2016-06-28,52,415.0,400
1073156,İSMET İNÖNÜ PARKI,2021-08-05,2021-09-06,1634,406.0,9088
1446436,RAUF DENKTAŞ PARKI,2019-11-02,2020-08-04,3099,2779.0,5562
670666,TEOMAN EREL PARKI,2020-07-04,2020-08-07,630,396.0,2765
1447067,NEŞET ERTAŞ PARKI,2016-05-30,2016-06-29,440,301.0,3160
1445850,TEOMAN ÖZTÜRK PARKI,2017-05-27,2017-06-30,990,613.0,8000
1446436,RAUF DENKTAŞ PARKI,2016-07-30,2016-08-29,934,1355.0,5562
1446959,GÜLTEN ÇAPAR PARKI,2021-01-06,2021-06-02,60,4.0,267
1445850,TEOMAN ÖZTÜRK PARKI,2015-03-05,2015-08-04,3424,3590.0,8000
556459,İLHAN ERDOST PARKI,2021-08-04,2021-09-02,464,232.0,2676
1447076,HAMZA AKSOY PARKI,2018-05-24,2018-06-27,273,44.0,1916
671617,ATA PARK,2015-07-01,2015-07-31,914,3056.0,6052
2246419,ŞÜKRAN GÜNGÖR,2022-11-30,2023-07-06,299,3.0,1058
1446966,SEMA YAZAR PARKI,2020-08-05,2020-09-04,665,121.0,2850
1447067,NEŞET ERTAŞ PARKI,2019-08-01,2019-09-05,660,102.0,3160
1071286,NECATİ YURTTAKALAN PARKI,2020-10-05,2022-05-31,1212,211.0,1011
1447076,HAMZA AKSOY PARKI,2021-06-29,2021-08-04,425,93.0,1916
2246419,ŞÜKRAN GÜNGÖR,2021-06-29,2021-09-02,408,490.0,1058
1074372,NEJAT UYGUR PARKI,2020-09-04,2020-10-05,239,338.0,1470
1073156,İSMET İNÖNÜ PARKI,2020-08-05,2020-09-07,2243,418.0,9088
332018,AFET İNAN PARKI,2021-11-02,2022-05-06,60,11.0,534
1446966,SEMA YAZAR PARKI,2019-09-04,2019-10-07,455,318.0,2850
1445606,NASUH AKAR PARKI,2016-10-05,2017-05-29,204,31.0,803
1445606,NASUH AKAR PARKI,2016-05-30,2016-06-28,108,2.0,803
1446959,GÜLTEN ÇAPAR PARKI,2020-08-03,2020-10-06,109,40.0,267
1071286,NECATİ YURTTAKALAN PARKI,2018-08-31,2018-10-01,141,71.0,1011
1446573,AYTEN BAYKAL PARKI,2016-06-29,2016-08-03,470,69.0,2236
556459,İLHAN ERDOST PARKI,2015-06-01,2015-07-01,232,819.0,2676
1071286,NECATİ YURTTAKALAN PARKI,2017-03-29,2017-04-26,65,30.0,1011
670666,TEOMAN EREL PARKI,2017-04-27,2017-05-27,331,275.0,2765
2246271,BERFO ANA PARKI,2018-06-22,2018-07-24,2124,3534.0,11200
1446436,RAUF DENKTAŞ PARKI,2015-05-04,2015-06-01,582,391.0,5562
2246025,KEMAL SUNAL PARKI,2015-07-01,2015-08-04,269,1075.0,1600
1070089,ATAPARK,2019-06-29,2019-08-01,1558,450.0,8271
1446436,RAUF DENKTAŞ PARKI,2020-11-04,2021-08-03,2876,2477.0,5562
1446573,AYTEN BAYKAL PARKI,2016-05-02,2016-05-30,167,3.0,2236
1074372,NEJAT UYGUR PARKI,2017-06-23,2017-07-27,356,786.0,1470
2246271,BERFO ANA PARKI,2016-07-30,2016-08-31,1948,2352.0,11200
1446436,RAUF DENKTAŞ PARKI,2015-07-02,2015-08-04,917,1924.0,5562
1446837,KAĞAN GÜRŞEN PARKI,2019-07-31,2019-09-04,233,14.0,1125
611617,YUNUS EMRE PARKI,2020-11-05,2021-08-31,3307,7655.0,4847
670666,TEOMAN EREL PARKI,2018-09-05,2019-07-01,1346,105.0,2765
1071503,İSMET İNÖNÜ PARKI,2021-10-04,2022-06-06,2916,921.0,9088
1445850,TEOMAN ÖZTÜRK PARKI,2015-10-31,2016-04-27,694,150.0,8000
1446966,SEMA YAZAR PARKI,2016-05-30,2016-08-03,986,5.0,2850
556459,İLHAN ERDOST PARKI,2016-07-30,2016-08-31,465,667.0,2676
671617,ATA PARK,2023-05-04,2023-07-07,1345,186.0,6052
2246325,SÜLEYMAN TÜRKOĞLU PARKI,2017-05-26,2017-06-28,217,217.0,1919
1447067,NEŞET ERTAŞ PARKI,2020-10-06,2021-06-30,1330,2474.0,3160
1447067,NEŞET ERTAŞ PARKI,2015-05-02,2015-06-04,367,491.0,3160
556459,İLHAN ERDOST PARKI,2016-06-25,2016-07-30,531,834.0,2676
1445850,TEOMAN ÖZTÜRK PARKI,2016-06-27,2016-07-30,1504,704.0,8000
1070089,ATAPARK,2022-09-02,2022-10-03,1287,454.0,8271
611617,YUNUS EMRE PARKI,2019-09-06,2019-10-05,688,83.0,4847
1074424,EFE ECE DALMANOĞLU PARKI,2015-03-03,2015-09-02,14,86.0,25
1074372,NEJAT UYGUR PARKI,2023-07-07,2023-08-04,276,197.0,1470
2246325,SÜLEYMAN TÜRKOĞLU PARKI,2021-08-31,2021-09-28,206,206.0,1919
1073156,İSMET İNÖNÜ PARKI,2018-06-22,2018-07-23,1632,354.0,9088
1071286,NECATİ YURTTAKALAN PARKI,2016-09-02,2016-10-05,146,89.0,1011
1074424,EFE ECE DALMANOĞLU PARKI,2019-07-30,2019-09-05,5,21.0,25
1446573,AYTEN BAYKAL PARKI,2020-08-04,2020-09-04,537,94.0,2236
1070089,ATAPARK,2020-06-04,2020-07-04,1243,85.0,8271
2246419,ŞÜKRAN GÜNGÖR,2018-10-02,2019-05-23,232,50.0,1058
1447067,NEŞET ERTAŞ PARKI,2016-08-02,2016-09-03,519,126.0,3160
1447067,NEŞET ERTAŞ PARKI,2020-01-02,2020-06-05,705,6.0,3160
1070089,ATAPARK,2016-09-02,2016-10-05,1199,535.0,8271
1446436,RAUF DENKTAŞ PARKI,2022-12-01,2023-10-05,4840,3021.0,5562
1446966,SEMA YAZAR PARKI,2020-11-05,2021-06-28,868,406.0,2850
670666,TEOMAN EREL PARKI,2015-08-01,2015-09-01,437,2230.0,2765
671617,ATA PARK,2023-07-07,2023-08-04,1139,1201.0,6052
1445606,NASUH AKAR PARKI,2019-07-01,2019-07-31,139,73.0,803
1445606,NASUH AKAR PARKI,2017-05-29,2017-06-28,85,41.0,803
611617,YUNUS EMRE PARKI,2017-06-28,2017-07-28,1072,1414.0,4847
2246271,BERFO ANA PARKI,2015-03-30,2015-04-30,758,100.0,11200
1073156,İSMET İNÖNÜ PARKI,2020-11-06,2021-06-29,2810,317.0,9088
2246025,KEMAL SUNAL PARKI,2020-07-03,2020-08-04,330,761.0,1600
1446959,GÜLTEN ÇAPAR PARKI,2021-06-02,2021-08-05,82,26.0,267
1447067,NEŞET ERTAŞ PARKI,2017-06-30,2017-07-31,733,684.0,3160
1447067,NEŞET ERTAŞ PARKI,2017-03-28,2017-04-26,205,188.0,3160
1445850,TEOMAN ÖZTÜRK PARKI,2022-05-06,2022-06-06,1106,11.0,8000
1070089,ATAPARK,2023-08-05,2023-09-06,2171,542.0,8271
1447100,SEHERGÜL ATEŞ,2015-03-02,2015-06-29,102,331.0,400
1447076,HAMZA AKSOY PARKI,2020-10-06,2021-06-02,632,116.0,1916
1446573,AYTEN BAYKAL PARKI,2020-06-03,2020-07-03,323,34.0,2236
670666,TEOMAN EREL PARKI,2023-07-06,2023-08-04,538,582.0,2765
332018,AFET İNAN PARKI,2021-04-01,2021-06-30,168,49.0,534
2246271,BERFO ANA PARKI,2022-05-05,2022-07-04,2604,880.0,11200
1073156,İSMET İNÖNÜ PARKI,2017-08-24,2017-09-29,2144,458.0,9088
1447067,NEŞET ERTAŞ PARKI,2017-08-28,2017-09-30,698,1956.0,3160
2246271,BERFO ANA PARKI,2023-07-07,2023-08-04,2108,1897.0,11200
556459,İLHAN ERDOST PARKI,2017-05-29,2017-06-22,203,142.0,2676
1070089,ATAPARK,2015-07-02,2015-09-02,2592,1857.0,8271
1073156,İSMET İNÖNÜ PARKI,2022-07-01,2022-08-04,1624,329.0,9088
1447100,SEHERGÜL ATEŞ,2015-06-29,2015-07-31,62,440.0,400
670666,TEOMAN EREL PARKI,2022-05-06,2022-06-02,331,162.0,2765
1073156,İSMET İNÖNÜ PARKI,2022-09-06,2022-10-04,1252,115.0,9088
1074372,NEJAT UYGUR PARKI,2019-09-04,2019-10-03,209,409.0,1470
2246271,BERFO ANA PARKI,2016-04-27,2016-05-27,912,1154.0,11200
671617,ATA PARK,2015-03-03,2015-06-01,1081,774.0,6052
671617,ATA PARK,2018-07-26,2018-08-31,1457,164.0,6052
1446837,KAĞAN GÜRŞEN PARKI,2022-11-01,2023-06-01,154,85.0,1125
2246025,KEMAL SUNAL PARKI,2017-03-29,2017-05-25,287,394.0,1600
1445606,NASUH AKAR PARKI,2017-08-25,2017-09-28,183,85.0,803
2246025,KEMAL SUNAL PARKI,2022-09-05,2022-09-29,197,513.0,1600
1446959,GÜLTEN ÇAPAR PARKI,2018-07-26,2018-09-03,70,30.0,267
1074372,NEJAT UYGUR PARKI,2021-04-27,2021-05-31,239,6.0,1470
1446959,GÜLTEN ÇAPAR PARKI,2017-06-29,2017-07-29,59,50.0,267
2246271,BERFO ANA PARKI,2020-06-02,2020-07-02,1581,1002.0,11200
611617,YUNUS EMRE PARKI,2020-07-06,2020-08-06,983,153.0,4847
1446959,GÜLTEN ÇAPAR PARKI,2017-07-29,2017-08-26,43,32.0,267
1070089,ATAPARK,2016-05-31,2016-06-29,1118,215.0,8271
1073156,İSMET İNÖNÜ PARKI,2019-11-05,2020-06-02,1929,45.0,9088
1446837,KAĞAN GÜRŞEN PARKI,2022-07-30,2022-08-31,223,13.0,1125
1446573,AYTEN BAYKAL PARKI,2019-08-01,2019-09-05,467,92.0,2236
2246025,KEMAL SUNAL PARKI,2022-05-31,2022-06-28,173,78.0,1600
556459,İLHAN ERDOST PARKI,2018-07-24,2018-09-01,709,1073.0,2676
1446436,RAUF DENKTAŞ PARKI,2015-10-01,2016-04-27,813,407.0,5562
670666,TEOMAN EREL PARKI,2017-06-30,2017-08-01,661,816.0,2765
1445606,NASUH AKAR PARKI,2017-06-28,2017-07-27,174,251.0,803
1073156,İSMET İNÖNÜ PARKI,2017-07-27,2017-08-24,1564,478.0,9088
1447067,NEŞET ERTAŞ PARKI,2017-05-29,2017-06-30,377,301.0,3160
1446959,GÜLTEN ÇAPAR PARKI,2018-09-03,2018-10-02,32,17.0,267
1447076,HAMZA AKSOY PARKI,2018-04-20,2018-05-24,264,82.0,1916
1446959,GÜLTEN ÇAPAR PARKI,2021-08-05,2021-09-03,44,9.0,267
1446837,KAĞAN GÜRŞEN PARKI,2023-09-02,2023-10-09,191,13.0,1125
1445850,TEOMAN ÖZTÜRK PARKI,2023-05-06,2023-06-05,583,8.0,8000
2246419,ŞÜKRAN GÜNGÖR,2017-10-26,2018-04-20,84,25.0,1058
2246025,KEMAL SUNAL PARKI,2021-08-02,2021-08-31,288,362.0,1600
671617,ATA PARK,2018-10-03,2019-08-02,3405,531.0,6052
2246325,SÜLEYMAN TÜRKOĞLU PARKI,2015-05-30,2015-06-30,167,174.0,1919
1071503,İSMET İNÖNÜ PARKI,2015-03-02,2016-05-30,8687,1096.0,9088
671617,ATA PARK,2016-08-02,2016-09-02,970,1461.0,6052
2246419,ŞÜKRAN GÜNGÖR,2018-05-22,2018-06-25,148,34.0,1058
1445621,GÜL DÜNYA PARKI,2015-05-30,2015-06-29,114,330.0,1372
1073156,İSMET İNÖNÜ PARKI,2020-07-03,2020-08-05,1943,347.0,9088
1446573,AYTEN BAYKAL PARKI,2019-09-05,2019-10-05,332,59.0,2236
1074424,EFE ECE DALMANOĞLU PARKI,2015-09-02,2016-08-01,17,14.0,25
2246271,BERFO ANA PARKI,2021-07-01,2021-08-04,2362,1198.0,11200
1447076,HAMZA AKSOY PARKI,2018-06-27,2018-07-26,354,176.0,1916
1070089,ATAPARK,2016-11-03,2017-07-31,4381,205.0,8271
1074424,EFE ECE DALMANOĞLU PARKI,2017-07-27,2017-08-28,4,9.0,25
1071503,İSMET İNÖNÜ PARKI,2018-07-26,2018-09-04,2462,3309.0,9088
1071503,İSMET İNÖNÜ PARKI,2022-12-05,2023-08-05,4363,1932.0,9088
1446436,RAUF DENKTAŞ PARKI,2020-08-04,2020-09-05,1363,1631.0,5562
1446966,SEMA YAZAR PARKI,2017-06-23,2017-07-28,703,564.0,2850
1446573,AYTEN BAYKAL PARKI,2017-09-29,2018-05-24,649,1.0,2236
2246325,SÜLEYMAN TÜRKOĞLU PARKI,2016-08-01,2016-09-02,321,648.0,1919
1445850,TEOMAN ÖZTÜRK PARKI,2022-04-04,2022-05-06,755,4.0,8000
1446436,RAUF DENKTAŞ PARKI,2022-09-02,2022-10-03,866,1135.0,5562
332018,AFET İNAN PARKI,2019-09-06,2019-10-05,75,23.0,534
1074424,EFE ECE DALMANOĞLU PARKI,2017-05-30,2017-06-23,1,12.0,25
1074424,EFE ECE DALMANOĞLU PARKI,2019-04-24,2019-05-23,2,2.0,25
1074424,EFE ECE DALMANOĞLU PARKI,2017-09-30,2018-05-22,6,3.0,25
1446573,AYTEN BAYKAL PARKI,2017-08-28,2017-09-29,485,19.0,2236
2246025,KEMAL SUNAL PARKI,2023-08-03,2023-09-02,426,633.0,1600
556459,İLHAN ERDOST PARKI,2021-02-04,2021-07-01,864,687.0,2676
1074372,NEJAT UYGUR PARKI,2010-11-02,2015-08-01,609,10449.0,1470
1446966,SEMA YAZAR PARKI,2022-08-03,2022-09-05,556,860.0,2850
671617,ATA PARK,2019-08-02,2019-09-07,1290,988.0,6052
1447067,NEŞET ERTAŞ PARKI,2020-08-06,2020-09-07,756,90.0,3160
2246025,KEMAL SUNAL PARKI,2015-06-03,2015-07-01,128,238.0,1600
2246419,ŞÜKRAN GÜNGÖR,2020-11-03,2021-05-31,233,147.0,1058
2246271,BERFO ANA PARKI,2020-04-29,2020-06-02,1538,748.0,11200
556459,İLHAN ERDOST PARKI,2019-07-29,2019-09-03,579,422.0,2676
1446966,SEMA YAZAR PARKI,2021-09-02,2021-10-04,314,240.0,2850
1445606,NASUH AKAR PARKI,2015-03-02,2016-05-30,767,35.0,803
1447076,HAMZA AKSOY PARKI,2021-09-02,2021-10-01,198,144.0,1916
1446573,AYTEN BAYKAL PARKI,2021-10-01,2022-05-09,443,4.0,2236
1446436,RAUF DENKTAŞ PARKI,2021-11-01,2022-04-28,539,606.0,5562
2246419,ŞÜKRAN GÜNGÖR,2023-08-03,2023-09-05,289,309.0,1058
1070089,ATAPARK,2016-06-29,2016-08-02,1670,1070.0,8271
2246025,KEMAL SUNAL PARKI,2015-04-30,2015-06-03,192,155.0,1600
1071286,NECATİ YURTTAKALAN PARKI,2019-11-05,2020-06-04,220,46.0,1011
670666,TEOMAN EREL PARKI,2015-07-03,2015-08-01,409,495.0,2765
1071503,İSMET İNÖNÜ PARKI,2018-10-03,2019-07-01,3447,14440.0,9088
332018,AFET İNAN PARKI,2022-11-04,2023-08-05,256,334.0,534
1447076,HAMZA AKSOY PARKI,2019-09-06,2019-10-07,279,158.0,1916
1447076,HAMZA AKSOY PARKI,2018-11-02,2019-05-23,287,72.0,1916
1446959,GÜLTEN ÇAPAR PARKI,2018-06-26,2018-07-26,50,22.0,267
1070089,ATAPARK,2015-06-01,2015-07-02,744,314.0,8271
670666,TEOMAN EREL PARKI,2020-06-03,2020-07-04,423,174.0,2765
611617,YUNUS EMRE PARKI,2016-05-31,2016-06-29,655,1190.0,4847
1445606,NASUH AKAR PARKI,2019-07-31,2019-09-05,172,56.0,803
1447067,NEŞET ERTAŞ PARKI,2018-05-24,2018-06-26,437,282.0,3160
2246271,BERFO ANA PARKI,2017-07-27,2017-08-24,1927,2843.0,11200
611617,YUNUS EMRE PARKI,2016-06-29,2016-08-02,979,1886.0,4847
1446573,AYTEN BAYKAL PARKI,2021-06-29,2021-08-04,496,30.0,2236
1074372,NEJAT UYGUR PARKI,2022-06-30,2022-08-05,278,211.0,1470
1445606,NASUH AKAR PARKI,2018-09-05,2018-10-03,89,32.0,803
1071503,İSMET İNÖNÜ PARKI,2016-05-30,2016-06-27,1202,72.0,9088
1070089,ATAPARK,2021-06-01,2021-06-28,697,74.0,8271
1445850,TEOMAN ÖZTÜRK PARKI,2021-08-05,2021-09-03,1336,160.0,8000
1074372,NEJAT UYGUR PARKI,2020-08-05,2020-09-04,343,659.0,1470
2246325,SÜLEYMAN TÜRKOĞLU PARKI,2016-03-29,2016-06-29,593,759.0,1919
2246419,ŞÜKRAN GÜNGÖR,2018-08-31,2018-10-02,150,266.0,1058
1446837,KAĞAN GÜRŞEN PARKI,2020-08-04,2020-09-04,270,12.0,1125
2246271,BERFO ANA PARKI,2018-05-23,2018-06-22,1416,1532.0,11200
2246419,ŞÜKRAN GÜNGÖR,2015-06-03,2015-09-01,409,895.0,1058
670666,TEOMAN EREL PARKI,2022-09-06,2022-10-04,381,168.0,2765
1445850,TEOMAN ÖZTÜRK PARKI,2020-08-06,2020-09-04,1808,500.0,8000
671617,ATA PARK,2018-05-25,2018-06-27,837,438.0,6052
1073156,İSMET İNÖNÜ PARKI,2020-06-02,2020-07-03,1337,155.0,9088
1446966,SEMA YAZAR PARKI,2020-07-06,2020-08-05,553,294.0,2850
2246419,ŞÜKRAN GÜNGÖR,2022-08-02,2022-09-02,196,142.0,1058
556459,İLHAN ERDOST PARKI,2019-04-22,2019-05-22,289,11.0,2676
670666,TEOMAN EREL PARKI,2020-11-04,2021-05-31,609,91.0,2765
1071503,İSMET İNÖNÜ PARKI,2022-08-04,2022-09-06,1756,1915.0,9088
611617,YUNUS EMRE PARKI,2020-08-06,2020-09-07,1160,819.0,4847
556459,İLHAN ERDOST PARKI,2019-12-02,2020-06-01,561,153.0,2676
2246025,KEMAL SUNAL PARKI,2019-11-01,2020-07-03,571,735.0,1600
1073156,İSMET İNÖNÜ PARKI,2017-10-25,2018-05-21,1864,159.0,9088
1070089,ATAPARK,2018-07-26,2018-09-03,2175,624.0,8271
1446959,GÜLTEN ÇAPAR PARKI,2016-06-01,2016-06-30,35,3.0,267
2246325,SÜLEYMAN TÜRKOĞLU PARKI,2017-07-27,2017-08-25,340,528.0,1919
1445621,GÜL DÜNYA PARKI,2015-08-01,2015-09-02,227,619.0,1372
2246025,KEMAL SUNAL PARKI,2023-09-02,2023-10-09,272,633.0,1600
1446573,AYTEN BAYKAL PARKI,2022-06-29,2022-08-05,430,73.0,2236
556459,İLHAN ERDOST PARKI,2016-05-27,2016-06-25,341,566.0,2676
1446959,GÜLTEN ÇAPAR PARKI,2020-07-03,2020-08-03,53,54.0,267
2246419,ŞÜKRAN GÜNGÖR,2021-09-02,2021-09-30,106,144.0,1058
2246325,SÜLEYMAN TÜRKOĞLU PARKI,2019-07-29,2019-09-03,415,432.0,1919
2246025,KEMAL SUNAL PARKI,2022-03-29,2022-05-31,352,164.0,1600
1446959,GÜLTEN ÇAPAR PARKI,2023-01-05,2023-08-07,133,16.0,267
1071286,NECATİ YURTTAKALAN PARKI,2018-04-20,2018-08-31,697,141.0,1011
332018,AFET İNAN PARKI,2015-03-02,2017-05-29,978,53.0,534
1070089,ATAPARK,2018-06-27,2018-07-26,1529,496.0,8271
1074372,NEJAT UYGUR PARKI,2021-06-29,2021-08-03,312,788.0,1470
1447067,NEŞET ERTAŞ PARKI,2016-09-03,2016-10-05,447,376.0,3160
